<?xml version="1.0" encoding="UTF-8"?><module codename="org.netbeans.modules.masterfs.macosx">
    <module_version install_time="1394471261995" last="true" origin="installer" specification_version="1.9.1">
        <file crc="4284776310" name="config/Modules/org-netbeans-modules-masterfs-macosx.xml"/>
        <file crc="968182430" name="modules/locale/org-netbeans-modules-masterfs-macosx_ja.jar"/>
        <file crc="3122622729" name="modules/locale/org-netbeans-modules-masterfs-macosx_pt_BR.jar"/>
        <file crc="1992178476" name="modules/locale/org-netbeans-modules-masterfs-macosx_ru.jar"/>
        <file crc="642358606" name="modules/locale/org-netbeans-modules-masterfs-macosx_zh_CN.jar"/>
        <file crc="1292695822" name="modules/org-netbeans-modules-masterfs-macosx.jar"/>
    </module_version>
</module>
