<?xml version="1.0" encoding="UTF-8"?><module codename="org.netbeans.core.output2/1">
    <module_version install_time="1394472396266" last="true" origin="installer" specification_version="1.36.1">
        <file crc="1198063063" name="config/Modules/org-netbeans-core-output2.xml"/>
        <file crc="454741320" name="modules/locale/org-netbeans-core-output2_ja.jar"/>
        <file crc="3981743995" name="modules/locale/org-netbeans-core-output2_pt_BR.jar"/>
        <file crc="276031184" name="modules/locale/org-netbeans-core-output2_ru.jar"/>
        <file crc="2097073734" name="modules/locale/org-netbeans-core-output2_zh_CN.jar"/>
        <file crc="2599599397" name="modules/org-netbeans-core-output2.jar"/>
    </module_version>
</module>
