<?xml version="1.0" encoding="UTF-8"?><module codename="org.netbeans.modules.spi.actions/1">
    <module_version install_time="1394471018533" last="true" origin="installer" specification_version="1.23.1">
        <file crc="1336977091" name="config/Modules/org-netbeans-modules-spi-actions.xml"/>
        <file crc="306511963" name="modules/locale/org-netbeans-modules-spi-actions_ja.jar"/>
        <file crc="562765905" name="modules/locale/org-netbeans-modules-spi-actions_pt_BR.jar"/>
        <file crc="2516317861" name="modules/locale/org-netbeans-modules-spi-actions_ru.jar"/>
        <file crc="903211878" name="modules/locale/org-netbeans-modules-spi-actions_zh_CN.jar"/>
        <file crc="43736432" name="modules/org-netbeans-modules-spi-actions.jar"/>
    </module_version>
</module>
