<?xml version="1.0" encoding="UTF-8"?><module codename="org.netbeans.libs.felix">
    <module_version install_time="1394470190956" last="true" origin="installer" specification_version="2.11.1">
        <file crc="1327048437" name="config/Modules/org-netbeans-libs-felix.xml"/>
        <file crc="3782343730" name="modules/ext/felix-4.2.1.jar"/>
        <file crc="2548615921" name="modules/locale/org-netbeans-libs-felix_ja.jar"/>
        <file crc="3809953028" name="modules/locale/org-netbeans-libs-felix_pt_BR.jar"/>
        <file crc="2538673025" name="modules/locale/org-netbeans-libs-felix_ru.jar"/>
        <file crc="1104086372" name="modules/locale/org-netbeans-libs-felix_zh_CN.jar"/>
        <file crc="949503819" name="modules/org-netbeans-libs-felix.jar"/>
    </module_version>
</module>
