<?xml version="1.0" encoding="UTF-8"?><module codename="org.netbeans.core.io.ui/1">
    <module_version install_time="1394471641902" last="true" origin="installer" specification_version="1.25.1">
        <file crc="937424920" name="config/Modules/org-netbeans-core-io-ui.xml"/>
        <file crc="1484578002" name="modules/locale/org-netbeans-core-io-ui_ja.jar"/>
        <file crc="2807519359" name="modules/locale/org-netbeans-core-io-ui_pt_BR.jar"/>
        <file crc="62284411" name="modules/locale/org-netbeans-core-io-ui_ru.jar"/>
        <file crc="821065288" name="modules/locale/org-netbeans-core-io-ui_zh_CN.jar"/>
        <file crc="1614397330" name="modules/org-netbeans-core-io-ui.jar"/>
    </module_version>
</module>
