<?xml version="1.0" encoding="UTF-8"?><module codename="org.openide.execution">
    <module_version install_time="1394471228949" last="true" origin="installer" specification_version="1.35.1">
        <file crc="3133979221" name="config/ModuleAutoDeps/org-openide-execution.xml"/>
        <file crc="1899864534" name="config/Modules/org-openide-execution.xml"/>
        <file crc="2571277038" name="modules/locale/org-openide-execution_ja.jar"/>
        <file crc="4170064069" name="modules/locale/org-openide-execution_pt_BR.jar"/>
        <file crc="2975989048" name="modules/locale/org-openide-execution_ru.jar"/>
        <file crc="145504162" name="modules/locale/org-openide-execution_zh_CN.jar"/>
        <file crc="1534510200" name="modules/org-openide-execution.jar"/>
    </module_version>
</module>
