<?xml version="1.0" encoding="UTF-8"?><module codename="org.netbeans.lib.uihandler">
    <module_version install_time="1394470965076" last="true" origin="installer" specification_version="1.40.1">
        <file crc="4049691764" name="config/Modules/org-netbeans-lib-uihandler.xml"/>
        <file crc="3294643524" name="modules/locale/org-netbeans-lib-uihandler_ja.jar"/>
        <file crc="2346005799" name="modules/locale/org-netbeans-lib-uihandler_pt_BR.jar"/>
        <file crc="2869833307" name="modules/locale/org-netbeans-lib-uihandler_ru.jar"/>
        <file crc="595997791" name="modules/locale/org-netbeans-lib-uihandler_zh_CN.jar"/>
        <file crc="2785132454" name="modules/org-netbeans-lib-uihandler.jar"/>
    </module_version>
</module>
