<?xml version="1.0" encoding="UTF-8"?><module codename="org.netbeans.swing.plaf">
    <module_version install_time="1394470940403" last="true" origin="installer" specification_version="1.36.1">
        <file crc="4198966476" name="config/Modules/org-netbeans-swing-plaf.xml"/>
        <file crc="3735681534" name="modules/locale/org-netbeans-swing-plaf_ja.jar"/>
        <file crc="2168894460" name="modules/locale/org-netbeans-swing-plaf_pt_BR.jar"/>
        <file crc="284446404" name="modules/locale/org-netbeans-swing-plaf_ru.jar"/>
        <file crc="2116074568" name="modules/locale/org-netbeans-swing-plaf_zh_CN.jar"/>
        <file crc="3955183099" name="modules/org-netbeans-swing-plaf.jar"/>
    </module_version>
</module>
