<?xml version="1.0" encoding="UTF-8"?><module codename="org.netbeans.modules.print">
    <module_version install_time="1394471859190" last="true" origin="installer" specification_version="7.21.1">
        <file crc="4146358971" name="config/Modules/org-netbeans-modules-print.xml"/>
        <file crc="169270285" name="modules/locale/org-netbeans-modules-print_ja.jar"/>
        <file crc="2122229304" name="modules/locale/org-netbeans-modules-print_pt_BR.jar"/>
        <file crc="3812498764" name="modules/locale/org-netbeans-modules-print_ru.jar"/>
        <file crc="1484352285" name="modules/locale/org-netbeans-modules-print_zh_CN.jar"/>
        <file crc="3849820573" name="modules/org-netbeans-modules-print.jar"/>
    </module_version>
</module>
