<?xml version="1.0" encoding="UTF-8"?><module codename="org.netbeans.libs.osgi">
    <module_version install_time="1394470183327" last="true" origin="installer" specification_version="1.17.1">
        <file crc="3882420389" name="config/Modules/org-netbeans-libs-osgi.xml"/>
        <file crc="3805933642" name="modules/ext/osgi.cmpn-4.2.jar"/>
        <file crc="936485481" name="modules/ext/osgi.core-5.0.0.jar"/>
        <file crc="3907143708" name="modules/locale/org-netbeans-libs-osgi_ja.jar"/>
        <file crc="1501241146" name="modules/locale/org-netbeans-libs-osgi_pt_BR.jar"/>
        <file crc="3704437266" name="modules/locale/org-netbeans-libs-osgi_ru.jar"/>
        <file crc="4135025719" name="modules/locale/org-netbeans-libs-osgi_zh_CN.jar"/>
        <file crc="471063222" name="modules/org-netbeans-libs-osgi.jar"/>
    </module_version>
</module>
