<?xml version="1.0" encoding="UTF-8"?><module codename="org.netbeans.modules.uihandler">
    <module_version install_time="1394472378255" last="true" origin="installer" specification_version="2.30.1">
        <file crc="3675798995" name="config/Modules/org-netbeans-modules-uihandler.xml"/>
        <file crc="2327067426" name="modules/locale/org-netbeans-modules-uihandler_ja.jar"/>
        <file crc="983762111" name="modules/locale/org-netbeans-modules-uihandler_pt_BR.jar"/>
        <file crc="571037747" name="modules/locale/org-netbeans-modules-uihandler_ru.jar"/>
        <file crc="1122634341" name="modules/locale/org-netbeans-modules-uihandler_zh_CN.jar"/>
        <file crc="1083391825" name="modules/org-netbeans-modules-uihandler.jar"/>
    </module_version>
</module>
