<?xml version="1.0" encoding="UTF-8"?><module codename="org.purl.net.jh.feat.brand">
    <module_version install_time="1399839528019" last="true" origin="installer" specification_version="1.4.26">
        <file crc="510981256" name="config/Modules/org-purl-net-jh-feat-brand.xml"/>
        <file crc="2875890826" name="core/locale/core_feat.jar"/>
        <file crc="4069660364" name="modules/locale/org-netbeans-core-windows_feat.jar"/>
        <file crc="4098801479" name="modules/locale/org-netbeans-core_feat.jar"/>
        <file crc="815459178" name="modules/locale/org-netbeans-modules-uihandler_feat.jar"/>
        <file crc="2858824092" name="modules/org-purl-net-jh-feat-brand.jar"/>
    </module_version>
</module>
