<?xml version="1.0" encoding="UTF-8"?><module codename="org.netbeans.modules.editor/3">
    <module_version install_time="1394472520283" last="true" origin="installer" specification_version="1.78.1.5.22.43">
        <file crc="3066718341" name="config/ModuleAutoDeps/org-netbeans-modules-editor.xml"/>
        <file crc="2401213403" name="config/Modules/org-netbeans-modules-editor.xml"/>
        <file crc="61494791" name="modules/locale/org-netbeans-modules-editor_ja.jar"/>
        <file crc="2220913092" name="modules/locale/org-netbeans-modules-editor_pt_BR.jar"/>
        <file crc="1866794574" name="modules/locale/org-netbeans-modules-editor_ru.jar"/>
        <file crc="3244586794" name="modules/locale/org-netbeans-modules-editor_zh_CN.jar"/>
        <file crc="3013871720" name="modules/org-netbeans-modules-editor.jar"/>
    </module_version>
</module>
