<?xml version="1.0" encoding="UTF-8"?><module codename="org.netbeans.modules.editor.errorstripe/2">
    <module_version install_time="1394472443914" last="true" origin="installer" specification_version="2.29.1.1.1">
        <file crc="2060797385" name="config/Modules/org-netbeans-modules-editor-errorstripe.xml"/>
        <file crc="2310874653" name="modules/locale/org-netbeans-modules-editor-errorstripe_ja.jar"/>
        <file crc="578048470" name="modules/locale/org-netbeans-modules-editor-errorstripe_pt_BR.jar"/>
        <file crc="3968177476" name="modules/locale/org-netbeans-modules-editor-errorstripe_ru.jar"/>
        <file crc="1608836468" name="modules/locale/org-netbeans-modules-editor-errorstripe_zh_CN.jar"/>
        <file crc="3377882620" name="modules/org-netbeans-modules-editor-errorstripe.jar"/>
    </module_version>
</module>
