<?xml version="1.0" encoding="UTF-8"?><module codename="org.netbeans.modules.diff/1">
    <module_version install_time="1394473179883" last="true" origin="installer" specification_version="1.46.1.42.1">
        <file crc="4024982772" name="config/Modules/org-netbeans-modules-diff.xml"/>
        <file crc="737126323" name="modules/locale/org-netbeans-modules-diff_ja.jar"/>
        <file crc="2921400327" name="modules/locale/org-netbeans-modules-diff_pt_BR.jar"/>
        <file crc="388806558" name="modules/locale/org-netbeans-modules-diff_ru.jar"/>
        <file crc="3333435061" name="modules/locale/org-netbeans-modules-diff_zh_CN.jar"/>
        <file crc="407582728" name="modules/org-netbeans-modules-diff.jar"/>
    </module_version>
</module>
