<?xml version="1.0" encoding="UTF-8"?><module codename="org.netbeans.spi.editor.hints/0">
    <module_version install_time="1394472432546" last="true" origin="installer" specification_version="1.34.1.7.43">
        <file crc="2723969626" name="config/Modules/org-netbeans-spi-editor-hints.xml"/>
        <file crc="1377116437" name="modules/locale/org-netbeans-spi-editor-hints_ja.jar"/>
        <file crc="1588425430" name="modules/locale/org-netbeans-spi-editor-hints_pt_BR.jar"/>
        <file crc="589497763" name="modules/locale/org-netbeans-spi-editor-hints_ru.jar"/>
        <file crc="2852816010" name="modules/locale/org-netbeans-spi-editor-hints_zh_CN.jar"/>
        <file crc="1704072975" name="modules/org-netbeans-spi-editor-hints.jar"/>
    </module_version>
</module>
