<?xml version="1.0" encoding="UTF-8"?><module codename="org.netbeans.spi.quicksearch">
    <module_version install_time="1394471719993" last="true" origin="installer" specification_version="1.22.1">
        <file crc="2420451830" name="config/Modules/org-netbeans-spi-quicksearch.xml"/>
        <file crc="897841760" name="modules/locale/org-netbeans-spi-quicksearch_ja.jar"/>
        <file crc="3544833945" name="modules/locale/org-netbeans-spi-quicksearch_pt_BR.jar"/>
        <file crc="470815585" name="modules/locale/org-netbeans-spi-quicksearch_ru.jar"/>
        <file crc="123935811" name="modules/locale/org-netbeans-spi-quicksearch_zh_CN.jar"/>
        <file crc="2697803416" name="modules/org-netbeans-spi-quicksearch.jar"/>
    </module_version>
</module>
