<?xml version="1.0" encoding="UTF-8"?><module codename="org.netbeans.modules.options.keymap">
    <module_version install_time="1394472389667" last="true" origin="installer" specification_version="1.30.1">
        <file crc="2363851279" name="config/Modules/org-netbeans-modules-options-keymap.xml"/>
        <file crc="1966326367" name="modules/locale/org-netbeans-modules-options-keymap_ja.jar"/>
        <file crc="2090191182" name="modules/locale/org-netbeans-modules-options-keymap_pt_BR.jar"/>
        <file crc="2791046624" name="modules/locale/org-netbeans-modules-options-keymap_ru.jar"/>
        <file crc="1684691419" name="modules/locale/org-netbeans-modules-options-keymap_zh_CN.jar"/>
        <file crc="4065209869" name="modules/org-netbeans-modules-options-keymap.jar"/>
    </module_version>
</module>
