<?xml version="1.0" encoding="UTF-8"?><module codename="org.netbeans.modules.settings/1">
    <module_version install_time="1394471885199" last="true" origin="installer" specification_version="1.44.1">
        <file crc="554047262" name="config/Modules/org-netbeans-modules-settings.xml"/>
        <file crc="2402977968" name="modules/locale/org-netbeans-modules-settings_ja.jar"/>
        <file crc="2753355795" name="modules/locale/org-netbeans-modules-settings_pt_BR.jar"/>
        <file crc="701015331" name="modules/locale/org-netbeans-modules-settings_ru.jar"/>
        <file crc="2350975412" name="modules/locale/org-netbeans-modules-settings_zh_CN.jar"/>
        <file crc="2569835931" name="modules/org-netbeans-modules-settings.jar"/>
    </module_version>
</module>
