<?xml version="1.0" encoding="UTF-8"?><module codename="org.openide.io">
    <module_version install_time="1394471029717" last="true" origin="installer" specification_version="1.44.1">
        <file crc="3834804485" name="config/Modules/org-openide-io.xml"/>
        <file crc="314554542" name="modules/locale/org-openide-io_ja.jar"/>
        <file crc="3638042355" name="modules/locale/org-openide-io_pt_BR.jar"/>
        <file crc="3381137232" name="modules/locale/org-openide-io_ru.jar"/>
        <file crc="1945457032" name="modules/locale/org-openide-io_zh_CN.jar"/>
        <file crc="1343377516" name="modules/org-openide-io.jar"/>
    </module_version>
</module>
