<?xml version="1.0" encoding="UTF-8"?><module codename="org.netbeans.core.netigso">
    <module_version install_time="1394471612732" last="true" origin="installer" specification_version="1.26.1">
        <file crc="3723901005" name="config/Modules/org-netbeans-core-netigso.xml"/>
        <file crc="2986537578" name="modules/locale/org-netbeans-core-netigso_ja.jar"/>
        <file crc="47517281" name="modules/locale/org-netbeans-core-netigso_pt_BR.jar"/>
        <file crc="756832080" name="modules/locale/org-netbeans-core-netigso_ru.jar"/>
        <file crc="2191026020" name="modules/locale/org-netbeans-core-netigso_zh_CN.jar"/>
        <file crc="1343856329" name="modules/org-netbeans-core-netigso.jar"/>
    </module_version>
</module>
