<?xml version="1.0" encoding="UTF-8"?><module codename="org.netbeans.core.windows/2">
    <module_version install_time="1394472790953" last="true" origin="installer" specification_version="2.75.1">
        <file crc="1059846727" name="config/Modules/org-netbeans-core-windows.xml"/>
        <file crc="1671402452" name="modules/locale/org-netbeans-core-windows_ja.jar"/>
        <file crc="723296644" name="modules/locale/org-netbeans-core-windows_pt_BR.jar"/>
        <file crc="3343035346" name="modules/locale/org-netbeans-core-windows_ru.jar"/>
        <file crc="785222211" name="modules/locale/org-netbeans-core-windows_zh_CN.jar"/>
        <file crc="2641472960" name="modules/org-netbeans-core-windows.jar"/>
    </module_version>
</module>
