<?xml version="1.0" encoding="UTF-8"?><module codename="org.netbeans.core.nativeaccess/1">
    <module_version install_time="1394472798524" last="true" origin="installer" specification_version="1.26.1">
        <file crc="1370516056" name="config/Modules/org-netbeans-core-nativeaccess.xml"/>
        <file crc="3183036925" name="modules/locale/org-netbeans-core-nativeaccess_ja.jar"/>
        <file crc="2528749462" name="modules/locale/org-netbeans-core-nativeaccess_pt_BR.jar"/>
        <file crc="1022501193" name="modules/locale/org-netbeans-core-nativeaccess_ru.jar"/>
        <file crc="1310193658" name="modules/locale/org-netbeans-core-nativeaccess_zh_CN.jar"/>
        <file crc="408690669" name="modules/org-netbeans-core-nativeaccess.jar"/>
    </module_version>
</module>
