<?xml version="1.0" encoding="UTF-8"?><module codename="org.netbeans.core.execution/1">
    <module_version install_time="1394471985543" last="true" origin="installer" specification_version="1.36.1">
        <file crc="131205059" name="config/Modules/org-netbeans-core-execution.xml"/>
        <file crc="2271743237" name="modules/locale/org-netbeans-core-execution_ja.jar"/>
        <file crc="1049610005" name="modules/locale/org-netbeans-core-execution_pt_BR.jar"/>
        <file crc="4111770890" name="modules/locale/org-netbeans-core-execution_ru.jar"/>
        <file crc="1676048004" name="modules/locale/org-netbeans-core-execution_zh_CN.jar"/>
        <file crc="1220202652" name="modules/org-netbeans-core-execution.jar"/>
    </module_version>
</module>
