<?xml version="1.0" encoding="UTF-8"?><module codename="org.openide.actions">
    <module_version install_time="1394471743750" last="true" origin="installer" specification_version="6.34.1">
        <file crc="3556488737" name="config/Modules/org-openide-actions.xml"/>
        <file crc="3203371583" name="modules/locale/org-openide-actions_ja.jar"/>
        <file crc="1884591834" name="modules/locale/org-openide-actions_pt_BR.jar"/>
        <file crc="491257714" name="modules/locale/org-openide-actions_ru.jar"/>
        <file crc="2589152128" name="modules/locale/org-openide-actions_zh_CN.jar"/>
        <file crc="1349741089" name="modules/org-openide-actions.jar"/>
    </module_version>
</module>
