<?xml version="1.0" encoding="UTF-8"?><module codename="org.netbeans.modules.editor.search">
    <module_version install_time="1394472651226" last="true" origin="installer" specification_version="1.17.1.0.43">
        <file crc="4056457626" name="config/Modules/org-netbeans-modules-editor-search.xml"/>
        <file crc="4127986396" name="modules/locale/org-netbeans-modules-editor-search_ja.jar"/>
        <file crc="3818642709" name="modules/locale/org-netbeans-modules-editor-search_pt_BR.jar"/>
        <file crc="3824372511" name="modules/locale/org-netbeans-modules-editor-search_ru.jar"/>
        <file crc="524739754" name="modules/locale/org-netbeans-modules-editor-search_zh_CN.jar"/>
        <file crc="1243033323" name="modules/org-netbeans-modules-editor-search.jar"/>
    </module_version>
</module>
