<?xml version="1.0" encoding="UTF-8"?><module codename="org.netbeans.libs.swingx/1">
    <module_version install_time="1394470278022" last="true" origin="installer" specification_version="1.23.1">
        <file crc="1452133379" name="config/Modules/org-netbeans-libs-swingx.xml"/>
        <file crc="1180223006" name="modules/ext/swingx-all-1.6.4.jar"/>
        <file crc="3208515172" name="modules/locale/org-netbeans-libs-swingx_ja.jar"/>
        <file crc="1007361569" name="modules/locale/org-netbeans-libs-swingx_pt_BR.jar"/>
        <file crc="532300451" name="modules/locale/org-netbeans-libs-swingx_ru.jar"/>
        <file crc="2139017057" name="modules/locale/org-netbeans-libs-swingx_zh_CN.jar"/>
        <file crc="3828737696" name="modules/org-netbeans-libs-swingx.jar"/>
    </module_version>
</module>
