<?xml version="1.0" encoding="UTF-8"?><module codename="org.netbeans.modules.tasklist.todo/1">
    <module_version install_time="1394472720766" last="true" origin="installer" specification_version="1.26.1.1">
        <file crc="496296242" name="config/Modules/org-netbeans-modules-tasklist-todo.xml"/>
        <file crc="3628713616" name="modules/locale/org-netbeans-modules-tasklist-todo_ja.jar"/>
        <file crc="2235665198" name="modules/locale/org-netbeans-modules-tasklist-todo_pt_BR.jar"/>
        <file crc="4076841829" name="modules/locale/org-netbeans-modules-tasklist-todo_ru.jar"/>
        <file crc="1561217292" name="modules/locale/org-netbeans-modules-tasklist-todo_zh_CN.jar"/>
        <file crc="4065138720" name="modules/org-netbeans-modules-tasklist-todo.jar"/>
    </module_version>
</module>
