<?xml version="1.0" encoding="UTF-8"?><module codename="org.netbeans.modules.editor.plain.lib/1">
    <module_version install_time="1394472461011" last="true" origin="installer" specification_version="1.29.1">
        <file crc="387640368" name="config/Modules/org-netbeans-modules-editor-plain-lib.xml"/>
        <file crc="4166406526" name="modules/locale/org-netbeans-modules-editor-plain-lib_ja.jar"/>
        <file crc="4123672129" name="modules/locale/org-netbeans-modules-editor-plain-lib_pt_BR.jar"/>
        <file crc="1792383300" name="modules/locale/org-netbeans-modules-editor-plain-lib_ru.jar"/>
        <file crc="1469657863" name="modules/locale/org-netbeans-modules-editor-plain-lib_zh_CN.jar"/>
        <file crc="1580863517" name="modules/org-netbeans-modules-editor-plain-lib.jar"/>
    </module_version>
</module>
