<?xml version="1.0" encoding="UTF-8"?><module codename="org.netbeans.modules.editor.fold.nbui">
    <module_version install_time="1394472513642" last="true" origin="installer" specification_version="1.6.1.43">
        <file crc="2740362867" name="config/Modules/org-netbeans-modules-editor-fold-nbui.xml"/>
        <file crc="3953592798" name="modules/locale/org-netbeans-modules-editor-fold-nbui_ja.jar"/>
        <file crc="542383390" name="modules/locale/org-netbeans-modules-editor-fold-nbui_pt_BR.jar"/>
        <file crc="3124660965" name="modules/locale/org-netbeans-modules-editor-fold-nbui_ru.jar"/>
        <file crc="3214581011" name="modules/locale/org-netbeans-modules-editor-fold-nbui_zh_CN.jar"/>
        <file crc="3146948615" name="modules/org-netbeans-modules-editor-fold-nbui.jar"/>
    </module_version>
</module>
