<?xml version="1.0" encoding="UTF-8"?><module codename="org.netbeans.spi.tasklist/1">
    <module_version install_time="1394471455746" last="true" origin="installer" specification_version="1.29.1.1">
        <file crc="1227800962" name="config/Modules/org-netbeans-spi-tasklist.xml"/>
        <file crc="2236636626" name="modules/locale/org-netbeans-spi-tasklist_ja.jar"/>
        <file crc="3724591436" name="modules/locale/org-netbeans-spi-tasklist_pt_BR.jar"/>
        <file crc="3997797613" name="modules/locale/org-netbeans-spi-tasklist_ru.jar"/>
        <file crc="2399489440" name="modules/locale/org-netbeans-spi-tasklist_zh_CN.jar"/>
        <file crc="1373414100" name="modules/org-netbeans-spi-tasklist.jar"/>
    </module_version>
</module>
