<?xml version="1.0" encoding="UTF-8"?><module codename="org.netbeans.modules.tasklist.projectint/1">
    <module_version install_time="1394472063127" last="true" origin="installer" specification_version="1.24.1">
        <file crc="3766441604" name="config/Modules/org-netbeans-modules-tasklist-projectint.xml"/>
        <file crc="3513647709" name="modules/locale/org-netbeans-modules-tasklist-projectint_ja.jar"/>
        <file crc="2613937878" name="modules/locale/org-netbeans-modules-tasklist-projectint_pt_BR.jar"/>
        <file crc="1475368831" name="modules/locale/org-netbeans-modules-tasklist-projectint_ru.jar"/>
        <file crc="1173754149" name="modules/locale/org-netbeans-modules-tasklist-projectint_zh_CN.jar"/>
        <file crc="3601606138" name="modules/org-netbeans-modules-tasklist-projectint.jar"/>
    </module_version>
</module>
