<?xml version="1.0" encoding="UTF-8"?><module codename="org.netbeans.modules.editor.lib2/1">
    <module_version install_time="1394471386363" last="true" origin="installer" specification_version="1.84.1.43">
        <file crc="1027150669" name="config/Modules/org-netbeans-modules-editor-lib2.xml"/>
        <file crc="4244868014" name="modules/locale/org-netbeans-modules-editor-lib2_ja.jar"/>
        <file crc="3539061125" name="modules/locale/org-netbeans-modules-editor-lib2_pt_BR.jar"/>
        <file crc="2089616664" name="modules/locale/org-netbeans-modules-editor-lib2_ru.jar"/>
        <file crc="3935463667" name="modules/locale/org-netbeans-modules-editor-lib2_zh_CN.jar"/>
        <file crc="752034882" name="modules/org-netbeans-modules-editor-lib2.jar"/>
    </module_version>
</module>
