<?xml version="1.0" encoding="UTF-8"?><module codename="org.netbeans.modules.editor.tools.storage">
    <module_version install_time="1394472455678" last="true" origin="installer" specification_version="1.3.1">
        <file crc="864286405" name="config/Modules/org-netbeans-modules-editor-tools-storage.xml"/>
        <file crc="3365105270" name="modules/locale/org-netbeans-modules-editor-tools-storage_ja.jar"/>
        <file crc="1579850284" name="modules/locale/org-netbeans-modules-editor-tools-storage_pt_BR.jar"/>
        <file crc="2536028918" name="modules/locale/org-netbeans-modules-editor-tools-storage_ru.jar"/>
        <file crc="696000286" name="modules/locale/org-netbeans-modules-editor-tools-storage_zh_CN.jar"/>
        <file crc="3291686099" name="modules/org-netbeans-modules-editor-tools-storage.jar"/>
    </module_version>
</module>
