<?xml version="1.0" encoding="UTF-8"?><module codename="org.netbeans.modules.spellchecker.apimodule">
    <module_version install_time="1394471409000" last="true" origin="installer" specification_version="1.20.1">
        <file crc="2106395459" name="config/Modules/org-netbeans-modules-spellchecker-apimodule.xml"/>
        <file crc="3962868165" name="modules/locale/org-netbeans-modules-spellchecker-apimodule_ja.jar"/>
        <file crc="4053303336" name="modules/locale/org-netbeans-modules-spellchecker-apimodule_pt_BR.jar"/>
        <file crc="1093688200" name="modules/locale/org-netbeans-modules-spellchecker-apimodule_ru.jar"/>
        <file crc="792767917" name="modules/locale/org-netbeans-modules-spellchecker-apimodule_zh_CN.jar"/>
        <file crc="1024286844" name="modules/org-netbeans-modules-spellchecker-apimodule.jar"/>
    </module_version>
</module>
