<?xml version="1.0" encoding="UTF-8"?><module codename="org.netbeans.api.java.classpath/1">
    <module_version install_time="1394471234368" last="true" origin="installer" specification_version="1.41.1">
        <file crc="4102554259" name="config/Modules/org-netbeans-api-java-classpath.xml"/>
        <file crc="1390691010" name="modules/locale/org-netbeans-api-java-classpath_ja.jar"/>
        <file crc="2604903552" name="modules/locale/org-netbeans-api-java-classpath_pt_BR.jar"/>
        <file crc="2889738603" name="modules/locale/org-netbeans-api-java-classpath_ru.jar"/>
        <file crc="2967004787" name="modules/locale/org-netbeans-api-java-classpath_zh_CN.jar"/>
        <file crc="2121810451" name="modules/org-netbeans-api-java-classpath.jar"/>
    </module_version>
</module>
