<?xml version="1.0" encoding="UTF-8"?><module codename="org.netbeans.modules.editor.breadcrumbs/0">
    <module_version install_time="1394472682394" last="true" origin="installer" specification_version="1.11.1">
        <file crc="1320881006" name="config/Modules/org-netbeans-modules-editor-breadcrumbs.xml"/>
        <file crc="1537401170" name="modules/locale/org-netbeans-modules-editor-breadcrumbs_ja.jar"/>
        <file crc="503913987" name="modules/locale/org-netbeans-modules-editor-breadcrumbs_pt_BR.jar"/>
        <file crc="1112407238" name="modules/locale/org-netbeans-modules-editor-breadcrumbs_ru.jar"/>
        <file crc="752615079" name="modules/locale/org-netbeans-modules-editor-breadcrumbs_zh_CN.jar"/>
        <file crc="1562287841" name="modules/org-netbeans-modules-editor-breadcrumbs.jar"/>
    </module_version>
</module>
